Date,Category,League,Event,Event result,Type of bet,Selection,Odds,Bookmaker,Stake (in units),Profit,Result,Tipster,Sport,Publication date
2016-02-13 20:30:00,Spain,Liga BBVA,VALENCIA CF vs ESPANYOL BARCELONA,2-1 (0-0),Match Odds,VALENCIA CF,1.78,,80,62.40,Win,Eduardo Borrero,Football,2016-02-12 13:06:06
2016-02-13 16:00:00,Spain,Liga BBVA,REAL MADRID vs ATHLETIC BILBAO,4-2 (3-1),Asian handicap,REAL MADRID -1.50,1.86,,80,68.80,Win,Eduardo Borrero,Football,2016-02-12 12:14:02
2016-02-12 20:30:00,Spain,Liga BBVA,SPORTING GIJON vs RAYO VALLECANO,2-2 (2-1),Asian handicap,RAYO VALLECANO +0.25,1.85,,80,34.00,Half win,Eduardo Borrero,Football,2016-02-12 09:55:02
2016-02-07 20:30:00,Spain,Liga BBVA,GRANADA CF vs REAL MADRID,1-2 (0-1),Asian handicap,REAL MADRID -2.00,2.25,,80,-80.00,Lost,Eduardo Borrero,Football,2016-02-06 11:40:02
2016-02-07 18:15:00,Spain,Liga BBVA,CELTA DE VIGO vs SEVILLA FC,1-1 (0-1),Match Odds,SEVILLA FC,2.40,,80,-80.00,Lost,Eduardo Borrero,Football,2016-02-06 11:57:01
2016-02-07 12:00:00,Spain,Liga BBVA,LEVANTE UD vs FC BARCELONA,0-2 (0-1),Asian handicap,FC BARCELONA -2.50,2.35,,80,-80.00,Lost,Eduardo Borrero,Football,2016-02-06 11:24:05
2016-02-06 20:30:00,Spain,Liga BBVA,ATHLETIC BILBAO vs VILLARREAL CF,0-0 (0-0),Asian handicap,VILLARREAL CF +0.50,2.13,,80,90.40,Win,Eduardo Borrero,Football,2016-02-06 11:09:04
2016-02-06 18:15:00,Spain,Liga BBVA,RAYO VALLECANO vs LAS PALMAS UD,2-0 (1-0),Match Odds,RAYO VALLECANO,1.95,,80,76.00,Win,Eduardo Borrero,Football,2016-02-06 11:00:08
2016-02-06 16:00:00,Spain,Liga BBVA,ATLETICO MADRID vs SD EIBAR,3-1 (0-0),Asian handicap,ATLETICO MADRID -1.50,2.29,,80,103.20,Win,Eduardo Borrero,Football,2016-02-05 19:36:02
2016-02-01 20:30:00,Spain,Liga BBVA,DEPORTIVO LA CORUNA vs RAYO VALLECANO,2-2 (1-2),Match Odds,DEPORTIVO LA CORUNA,1.95,,80,-80.00,Lost,Eduardo Borrero,Football,2016-01-31 19:05:06
2016-01-31 20:30:00,Spain,Liga BBVA,REAL MADRID vs ESPANYOL BARCELONA,6-0 (4-0),Asian handicap,REAL MADRID -4.00,4.00,,100,300.00,Win,Eduardo Borrero,Football,2016-01-31 18:29:02
2016-01-31 16:00:00,Spain,Liga BBVA,VALENCIA CF vs SPORTING GIJON,0-1 (0-0),Match Odds,VALENCIA CF,1.73,,100,-100.00,Lost,Eduardo Borrero,Football,2016-01-31 13:54:07
2016-01-31 12:00:00,Spain,Liga BBVA,SEVILLA FC vs LEVANTE UD,3-1 (1-0),Asian handicap,SEVILLA FC -1.50,2.14,,100,114.00,Win,Eduardo Borrero,Football,2016-01-30 20:44:02
2016-01-30 22:05:00,Spain,Liga BBVA,REAL SOCIEDAD vs BETIS SEVILLA,2-1 (2-0),Asian handicap,BETIS SEVILLA +0.50,2.29,,80,-80.00,Lost,Eduardo Borrero,Football,2016-01-30 20:01:02
2016-01-30 18:15:00,Spain,Liga BBVA,SD EIBAR vs MALAGA CF,1-2 (0-1),Asian handicap,SD EIBAR +0,1.77,,80,-80.00,Lost,Eduardo Borrero,Football,2016-01-28 09:00:03
2016-01-30 16:00:00,Spain,Liga BBVA,FC BARCELONA vs ATLETICO MADRID,2-1 (2-1),Asian handicap,FC BARCELONA -1.00,1.88,,80,0.00,Void,Eduardo Borrero,Football,2016-01-28 08:58:02
2016-01-24 20:30:00,Spain,Liga BBVA,BETIS SEVILLA vs REAL MADRID,1-1 (1-0),Asian handicap,REAL MADRID -2.25,2.65,,80,-80.00,Lost,Eduardo Borrero,Football,2016-01-22 20:30:03
2016-01-24 16:00:00,Spain,Liga BBVA,ATLETICO MADRID vs SEVILLA FC,0-0 (0-0),Asian handicap,ATLETICO MADRID -1.00,2.23,,80,-80.00,Lost,Eduardo Borrero,Football,2016-01-22 20:25:02
2016-01-23 18:15:00,Spain,Liga BBVA,ESPANYOL BARCELONA vs VILLARREAL CF,2-2 (2-1),Asian handicap,VILLARREAL CF +0,1.86,,80,0.00,Void,Eduardo Borrero,Football,2016-01-22 20:22:02
2016-01-23 16:00:00,Spain,Liga BBVA,MALAGA CF vs FC BARCELONA,1-2 (1-1),Asian handicap,FC BARCELONA -1.50,2.16,,80,-80.00,Lost,Eduardo Borrero,Football,2016-01-22 20:17:02
2016-01-18 20:30:00,Spain,Liga BBVA,SD EIBAR vs GRANADA CF,5-1 (2-0),Match Odds,SD EIBAR,1.80,,80,64.00,Win,Eduardo Borrero,Football,2016-01-17 21:08:02
2016-01-17 20:30:00,Spain,Liga BBVA,FC BARCELONA vs ATHLETIC BILBAO,6-0 (2-0),Asian handicap,FC BARCELONA -2.50,2.33,,80,106.40,Win,Eduardo Borrero,Football,2016-01-17 13:07:06
2016-01-17 18:15:00,Spain,Liga BBVA,LAS PALMAS UD vs ATLETICO MADRID,0-3 (0-1),Asian handicap,ATLETICO MADRID -1.50,3.00,,80,160.00,Win,Eduardo Borrero,Football,2016-01-17 13:04:03
2016-01-17 16:00:00,Spain,Liga BBVA,REAL MADRID vs SPORTING GIJON,5-1 (5-0),Asian handicap,REAL MADRID -3.50,2.39,,80,111.20,Win,Eduardo Borrero,Football,2016-01-15 11:09:03
2016-01-17 12:00:00,Spain,Liga BBVA,VALENCIA CF vs RAYO VALLECANO,2-2 (0-1),Asian handicap,VALENCIA CF -1.00,2.07,,80,-80.00,Lost,Eduardo Borrero,Football,2016-01-15 11:14:02
2016-01-16 22:05:00,Spain,Liga BBVA,REAL SOCIEDAD vs DEPORTIVO LA CORUNA,1-1 (0-1),Asian handicap,DEPORTIVO LA CORUNA +0.50,1.96,,80,76.80,Win,Eduardo Borrero,Football,2016-01-15 11:08:03
2016-01-16 16:00:00,Spain,Liga BBVA,SEVILLA FC vs MALAGA CF,2-1 (2-0),Asian handicap,MALAGA CF +1.00,1.81,,80,0.00,Void,Eduardo Borrero,Football,2016-01-13 19:59:04
2016-01-10 20:30:00,Spain,Liga BBVA,CELTA DE VIGO vs ATLETICO MADRID,0-2 (0-0),Match Odds,CELTA DE VIGO,1.92,,80,-80.00,Lost,Eduardo Borrero,Football,2016-01-10 12:35:03
2016-01-10 18:15:00,Spain,Liga BBVA,SD EIBAR vs ESPANYOL BARCELONA,2-1 (1-1),Match Odds,SD EIBAR,2.04,,80,83.20,Win,Eduardo Borrero,Football,2016-01-08 13:31:05
2016-01-10 16:00:00,Spain,Liga BBVA,REAL SOCIEDAD vs VALENCIA CF,2-0 (0-0),Asian handicap,VALENCIA CF +0.25,2.00,,80,-80.00,Lost,Eduardo Borrero,Football,2016-01-08 13:29:01
2016-01-09 20:30:00,Spain,Liga BBVA,REAL MADRID vs DEPORTIVO LA CORUNA,5-0 (2-0),Asian handicap,REAL MADRID -2.50,1.91,,80,72.80,Win,Eduardo Borrero,Football,2016-01-08 13:28:04
2016-01-09 16:00:00,Spain,Liga BBVA,FC BARCELONA vs GRANADA CF,4-0 (2-0),Asian handicap,FC BARCELONA -3.50,2.05,,80,84.00,Win,Eduardo Borrero,Football,2016-01-08 13:26:07
2016-01-03 20:30:00,Spain,Liga BBVA,VALENCIA CF vs REAL MADRID,2-2 (1-1),Asian handicap,REAL MADRID -1.50,2.59,,80,-80.00,Lost,Eduardo Borrero,Football,2016-01-03 13:01:02
2016-01-03 18:15:00,Spain,Liga BBVA,DEPORTIVO LA CORUNA vs VILLARREAL CF,1-2 (0-1),Asian handicap,DEPORTIVO LA CORUNA +0,1.88,,80,-80.00,Lost,Eduardo Borrero,Football,2016-01-03 12:57:02
2016-01-03 16:00:00,Spain,Liga BBVA,GRANADA CF vs SEVILLA FC,2-1 (2-1),Match Odds,SEVILLA FC,1.89,,80,-80.00,Lost,Eduardo Borrero,Football,2016-01-01 11:18:03
2016-01-03 12:00:00,Spain,Liga BBVA,RAYO VALLECANO vs REAL SOCIEDAD,2-2 (1-1),Asian handicap,REAL SOCIEDAD +0,2.05,,80,0.00,Void,Eduardo Borrero,Football,2015-12-31 12:52:01
2016-01-02 22:05:00,Spain,Liga BBVA,MALAGA CF vs CELTA DE VIGO,2-0 (2-0),Asian handicap,CELTA DE VIGO +0.25,1.90,,80,-80.00,Lost,Eduardo Borrero,Football,2015-12-31 12:50:01
2016-01-02 16:00:00,Spain,Liga BBVA,ESPANYOL BARCELONA vs FC BARCELONA,0-0 (0-0),Asian handicap,FC BARCELONA -2.50,2.43,,80,-80.00,Lost,Eduardo Borrero,Football,2015-12-31 12:47:06
2015-12-31 16:00:00,Spain,Liga BBVA,VILLARREAL CF vs VALENCIA CF,1-0 (0-0),Asian handicap,VALENCIA CF +0.50,2.04,,80,-80.00,Lost,Eduardo Borrero,Football,2015-12-30 23:28:06
2015-12-30 20:30:00,Spain,Liga BBVA,GETAFE CF vs DEPORTIVO LA CORUNA,0-0 (0-0),Asian handicap,DEPORTIVO LA CORUNA +0,2.03,,80,0.00,Void,Eduardo Borrero,Football,2015-12-30 19:03:05
2015-12-30 20:30:00,Spain,Liga BBVA,FC BARCELONA vs BETIS SEVILLA,4-0 (2-0),Asian handicap,FC BARCELONA -3.50,2.26,,80,100.80,Win,Eduardo Borrero,Football,2015-12-29 20:44:02
2015-12-30 18:30:00,Spain,Liga BBVA,SD EIBAR vs SPORTING GIJON,2-0 (0-0),Match Odds,SD EIBAR,1.91,,80,72.80,Win,Eduardo Borrero,Football,2015-12-29 20:41:02
2015-12-30 18:15:00,Spain,Liga BBVA,RAYO VALLECANO vs ATLETICO MADRID,0-2 (0-0),Asian handicap,ATLETICO MADRID -1.00,2.04,,80,83.20,Win,Eduardo Borrero,Football,2015-12-29 20:39:02
2015-12-30 16:00:00,Spain,Liga BBVA,REAL MADRID vs REAL SOCIEDAD,3-1 (1-0),Asian handicap,REAL MADRID -2.50,2.11,,80,-80.00,Lost,Eduardo Borrero,Football,2015-12-29 20:35:03
2015-12-19 22:05:00,Spain,Liga BBVA,DEPORTIVO LA CORUNA vs SD EIBAR,2-0 (1-0),Match Odds,DEPORTIVO LA CORUNA,2.05,,80,84.00,Win,Eduardo Borrero,Football,2015-12-17 14:43:02
2015-12-19 20:30:00,Spain,Liga BBVA,BETIS SEVILLA vs SEVILLA FC,0-0 (0-0),Asian handicap,BETIS SEVILLA +0.50,2.00,,80,80.00,Win,Eduardo Borrero,Football,2015-12-17 14:41:03
2015-12-19 16:00:00,Spain,Liga BBVA,VALENCIA CF vs GETAFE CF,2-2 (2-2),Asian handicap,VALENCIA CF -1.00,2.28,,80,-80.00,Lost,Eduardo Borrero,Football,2015-12-17 14:38:01
2015-12-13 20:30:00,Spain,Liga BBVA,VILLARREAL CF vs REAL MADRID,1-0 (1-0),Asian handicap,REAL MADRID -1.00,2.21,,80,-80.00,Lost,Eduardo Borrero,Football,2015-12-10 22:30:03
2015-12-13 16:00:00,Spain,Liga BBVA,SD EIBAR vs VALENCIA CF,1-1 (1-0),Asian handicap,SD EIBAR +0,1.89,,80,0.00,Void,Eduardo Borrero,Football,2015-12-10 22:29:01
2015-12-12 20:30:00,Spain,Liga BBVA,SEVILLA FC vs SPORTING GIJON,2-0 (0-0),Asian handicap,SPORTING GIJON +1.50,1.93,,80,-80.00,Lost,Eduardo Borrero,Football,2015-12-10 22:27:02
2015-12-12 16:00:00,Spain,Liga BBVA,FC BARCELONA vs DEPORTIVO LA CORUNA,2-2 (1-0),Asian handicap,DEPORTIVO LA CORUNA +3.00,1.93,,80,74.40,Win,Eduardo Borrero,Football,2015-12-10 22:26:01
2015-12-06 20:30:00,Spain,Liga BBVA,ATHLETIC BILBAO vs MALAGA CF,0-0 (0-0),Asian handicap,ATHLETIC BILBAO -1.00,1.88,,80,-80.00,Lost,Eduardo Borrero,Football,2015-12-05 22:18:03
2015-12-06 12:00:00,Spain,Liga BBVA,REAL SOCIEDAD vs SD EIBAR,2-1 (1-1),Asian handicap,SD EIBAR +0.50,2.06,,80,-80.00,Lost,Eduardo Borrero,Football,2015-12-04 10:30:02
2015-12-05 22:00:00,Spain,Liga BBVA,DEPORTIVO LA CORUNA vs SEVILLA FC,1-1 (1-0),Asian handicap,DEPORTIVO LA CORUNA +0,2.26,,80,0.00,Void,Eduardo Borrero,Football,2015-12-04 10:29:02
2015-12-05 20:30:00,Spain,Liga BBVA,VALENCIA CF vs FC BARCELONA,1-1 (0-0),Asian handicap,FC BARCELONA -1.50,1.85,,80,-80.00,Lost,Eduardo Borrero,Football,2015-12-04 10:22:02
2015-12-05 16:00:00,Spain,Liga BBVA,REAL MADRID vs GETAFE CF,4-1 (4-0),Asian handicap,REAL MADRID -2.50,1.98,,80,78.40,Win,Eduardo Borrero,Football,2015-12-04 10:19:06
2015-11-29 20:30:00,Spain,Liga BBVA,SEVILLA FC vs VALENCIA CF,1-0 (0-0),Asian handicap,VALENCIA CF +0.50,2.17,,80,-80.00,Lost,Eduardo Borrero,Football,2015-11-26 22:34:01
2015-11-29 16:00:00,Spain,Liga BBVA,SD EIBAR vs REAL MADRID,0-2 (0-1),Asian handicap,SD EIBAR +1.25,2.05,,80,-80.00,Lost,Eduardo Borrero,Football,2015-11-26 22:32:02
2015-11-28 22:00:00,Spain,Liga BBVA,LAS PALMAS UD vs DEPORTIVO LA CORUNA,0-2 (0-1),Asian handicap,DEPORTIVO LA CORUNA +0.25,1.91,,80,72.80,Win,Eduardo Borrero,Football,2015-11-26 22:29:02
2015-11-28 16:00:00,Spain,Liga BBVA,FC BARCELONA vs REAL SOCIEDAD,4-0 (2-0),Asian handicap,FC BARCELONA -3.00,2.09,,80,87.20,Win,Eduardo Borrero,Football,2015-11-26 22:28:02
2015-11-26 21:05:00,European cups,UEFA Europa League,VILLARREAL CF vs SK RAPID VIENNA,1-0 (0-0),Asian handicap,SK RAPID VIENNA +1.00,1.89,,80,0.00,Void,Eduardo Borrero,Football,2015-11-25 15:16:05
2015-11-25 20:45:00,European cups,UEFA Champions League,ATLETICO MADRID vs GALATASARAY ISTANBUL,2-0 (1-0),Asian handicap,ATLETICO MADRID -1.50,1.85,,80,68.00,Win,Eduardo Borrero,Football,2015-11-25 15:15:02
2015-11-25 20:45:00,European cups,UEFA Champions League,FC SHAKHTAR DONETSK vs REAL MADRID,3-4 (0-1),Match Odds,REAL MADRID,2.02,,80,81.60,Win,Eduardo Borrero,Football,2015-11-25 13:43:04
2015-11-22 18:15:00,Spain,Liga BBVA,GRANADA CF vs ATHLETIC BILBAO,2-0 (1-0),Match Odds,ATHLETIC BILBAO,2.08,,80,-80.00,Lost,Eduardo Borrero,Football,2015-11-22 00:02:06
2015-11-22 16:00:00,Spain,Liga BBVA,VILLARREAL CF vs SD EIBAR,1-1 (0-1),Asian handicap,SD EIBAR +1.00,2.02,,80,81.60,Win,Eduardo Borrero,Football,2015-11-21 23:58:02
2015-11-21 22:05:00,Spain,Liga BBVA,DEPORTIVO LA CORUNA vs CELTA DE VIGO,2-0 (1-0),Asian handicap,DEPORTIVO LA CORUNA +0.25,2.00,,80,80.00,Win,Eduardo Borrero,Football,2015-11-20 16:33:03
2015-11-21 22:00:00,Spain,Liga BBVA,VALENCIA CF vs LAS PALMAS UD,1-1 (1-0),Asian handicap,VALENCIA CF -1.50,2.61,,80,-80.00,Lost,Eduardo Borrero,Football,2015-11-20 16:30:14
2015-11-21 18:15:00,Spain,Liga BBVA,REAL MADRID vs FC BARCELONA,0-4 (0-2),Asian handicap,REAL MADRID -0.25,2.16,,80,-80.00,Lost,Eduardo Borrero,Football,2015-11-20 16:25:07
2015-11-21 16:00:00,Spain,Liga BBVA,REAL SOCIEDAD vs SEVILLA FC,2-0 (0-0),Asian handicap,SEVILLA FC +0,1.99,,80,-80.00,Lost,Eduardo Borrero,Football,2015-11-20 16:23:02
2015-11-08 20:30:00,Spain,Liga BBVA,SEVILLA FC vs REAL MADRID,3-2 (1-1),Match Odds,REAL MADRID,1.91,,80,-80.00,Lost,Eduardo Borrero,Football,2015-11-07 12:52:26
2015-11-08 16:00:00,Spain,Liga BBVA,FC BARCELONA vs VILLARREAL CF,3-0 (0-0),Asian handicap,VILLARREAL CF +1.50,1.97,,80,-80.00,Lost,Eduardo Borrero,Football,2015-11-07 12:21:07
2015-11-07 22:05:00,Spain,Liga BBVA,MALAGA CF vs BETIS SEVILLA,0-1 (0-0),Match Odds,MALAGA CF,2.00,,80,-80.00,Lost,Eduardo Borrero,Football,2015-11-06 19:46:03
2015-11-07 20:30:00,Spain,Liga BBVA,SD EIBAR vs GETAFE CF,3-1 (2-1),Match Odds,SD EIBAR,2.16,,80,92.80,Win,Eduardo Borrero,Football,2015-11-06 19:25:24
2015-11-06 20:30:00,Spain,Liga BBVA,LAS PALMAS UD vs REAL SOCIEDAD,2-0 (1-0),Asian handicap,REAL SOCIEDAD +0,1.99,,80,-80.00,Lost,Eduardo Borrero,Football,2015-11-06 18:47:03
2015-11-04 20:45:00,European cups,UEFA Champions League,KAA GENT vs VALENCIA CF,1-0 (0-0),Match Odds,VALENCIA CF,2.39,,80,-80.00,Lost,Eduardo Borrero,Football,2015-11-04 19:03:10
2015-11-04 20:45:00,European cups,UEFA Champions League,FC BARCELONA vs FC BATE BORISOV,3-0 (1-0),Asian handicap,FC BARCELONA -2.75,1.93,,80,37.20,Half win,Eduardo Borrero,Football,2015-11-04 18:53:22
2015-11-03 20:45:00,European cups,UEFA Champions League,SEVILLA FC vs MANCHESTER CITY,1-3 (1-3),Asian handicap,MANCHESTER CITY +0.25,1.75,,80,60.00,Win,Eduardo Borrero,Football,2015-11-03 19:31:17
2015-11-03 20:45:00,European cups,UEFA Champions League,REAL MADRID vs PARIS ST GERMAIN,1-0 (1-0),Match Odds,REAL MADRID,1.91,,80,72.80,Win,Eduardo Borrero,Football,2015-11-03 19:06:04
2015-11-01 20:30:00,Spain,Liga BBVA,BETIS SEVILLA vs ATHLETIC BILBAO,1-3 (0-2),Asian handicap,BETIS SEVILLA +0.50,1.68,,80,-80.00,Lost,Eduardo Borrero,Football,2015-10-31 21:31:06
2015-11-01 16:00:00,Spain,Liga BBVA,ESPANYOL BARCELONA vs GRANADA CF,1-1 (0-0),Match Odds,ESPANYOL BARCELONA,2.10,,80,-80.00,Lost,Eduardo Borrero,Football,2015-10-31 21:25:36
2015-11-01 12:00:00,Spain,Liga BBVA,SD EIBAR vs RAYO VALLECANO,1-0 (1-0),Asian handicap,RAYO VALLECANO +0.50,1.78,,80,-80.00,Lost,Eduardo Borrero,Football,2015-10-31 21:23:52
2015-10-31 22:05:00,Spain,Liga BBVA,REAL SOCIEDAD vs CELTA DE VIGO,2-3 (2-1),Asian handicap,REAL SOCIEDAD +0,2.00,,80,-80.00,Lost,Eduardo Borrero,Football,2015-10-31 11:27:05
2015-10-31 18:15:00,Spain,Liga BBVA,VILLARREAL CF vs SEVILLA FC,2-1 (1-0),Asian handicap,SEVILLA FC +0.25,2.00,,80,-80.00,Lost,Eduardo Borrero,Football,2015-10-30 19:08:12
2015-10-31 18:15:00,Spain,Liga BBVA,VALENCIA CF vs LEVANTE UD,3-0 (0-0),Asian handicap,VALENCIA CF -1.00,1.80,,80,64.00,Win,Eduardo Borrero,Football,2015-10-30 19:06:13
2015-10-31 16:00:00,Spain,Liga BBVA,REAL MADRID vs LAS PALMAS UD,3-1 (3-1),Asian handicap,REAL MADRID -2.50,1.87,,80,-80.00,Lost,Eduardo Borrero,Football,2015-10-30 19:10:24
2015-10-30 20:30:00,Spain,Liga BBVA,DEPORTIVO LA CORUNA vs ATLETICO MADRID,1-1 (0-1),Match Odds,ATLETICO MADRID,1.75,,80,-80.00,Lost,Eduardo Borrero,Football,2015-10-29 21:09:03
2015-10-25 18:15:00,Spain,Liga BBVA,FC BARCELONA vs SD EIBAR,3-1 (1-1),Asian handicap,SD EIBAR +2.75,1.83,,80,66.40,Win,Eduardo Borrero,Football,2015-10-24 19:39:02
2015-10-25 16:00:00,Spain,Liga BBVA,LAS PALMAS UD vs VILLARREAL CF,0-0 (0-0),Match Odds,VILLARREAL CF,2.20,,80,-80.00,Lost,Eduardo Borrero,Football,2015-10-24 13:07:22
2015-10-25 12:00:00,Spain,Liga BBVA,LEVANTE UD vs REAL SOCIEDAD,0-4 (0-2),Asian handicap,REAL SOCIEDAD +0,2.04,,80,83.20,Win,Eduardo Borrero,Football,2015-10-24 12:23:22
2015-10-24 20:30:00,Spain,Liga BBVA,SEVILLA FC vs GETAFE CF,5-0 (2-0),Asian handicap,SEVILLA FC -1.00,1.84,,80,67.20,Win,Eduardo Borrero,Football,2015-10-23 18:39:03
2015-10-24 18:15:00,Spain,Liga BBVA,GRANADA CF vs BETIS SEVILLA,1-1 (1-1),Asian handicap,BETIS SEVILLA +0.25,1.91,,80,36.40,Half win,Eduardo Borrero,Football,2015-10-23 18:36:07
2015-10-23 20:30:00,Spain,Liga BBVA,RAYO VALLECANO vs ESPANYOL BARCELONA,3-0 (1-0),Asian handicap,ESPANYOL BARCELONA +0.50,1.80,,80,-80.00,Lost,Eduardo Borrero,Football,2015-10-22 21:10:04
2015-10-18 20:30:00,Spain,Liga BBVA,DEPORTIVO LA CORUNA vs ATHLETIC BILBAO,2-2 (0-1),Match Odds,Draw,3.33,,80,186.40,Win,Eduardo Borrero,Football,2015-10-18 12:13:13
2015-10-18 16:00:00,Spain,Liga BBVA,REAL SOCIEDAD vs ATLETICO MADRID,0-2 (0-1),Match Odds,ATLETICO MADRID,2.06,,80,84.80,Win,Eduardo Borrero,Football,2015-10-16 19:18:04
2015-10-17 22:00:00,Spain,Liga BBVA,VALENCIA CF vs MALAGA CF,3-0 (2-0),Asian handicap,MALAGA CF -0.75,1.81,,80,-80.00,Lost,Eduardo Borrero,Football,2015-10-15 22:36:09
2015-10-17 18:15:00,Spain,Liga BBVA,SD EIBAR vs SEVILLA FC,1-1 (1-0),Match Odds,SEVILLA FC,2.19,,80,-80.00,Lost,Eduardo Borrero,Football,2015-10-15 22:34:09
2015-10-17 16:00:00,Spain,Liga BBVA,REAL MADRID vs LEVANTE UD,3-0 (2-0),Asian handicap,REAL MADRID -2.75,2.01,,80,40.40,Half win,Eduardo Borrero,Football,2015-10-15 22:33:02
2015-10-04 18:15:00,Spain,Liga BBVA,LEVANTE UD vs VILLARREAL CF,1-0 (0-0),Match Odds,VILLARREAL CF,1.95,,80,-80.00,Lost,Eduardo Borrero,Football,2015-10-03 18:43:03
2015-10-03 22:00:00,Spain,Liga BBVA,LAS PALMAS UD vs SD EIBAR,0-2 (0-1),Asian handicap,SD EIBAR +0.50,1.83,,80,66.40,Win,Eduardo Borrero,Football,2015-10-02 19:30:10
2015-10-03 18:15:00,Spain,Liga BBVA,GRANADA CF vs DEPORTIVO LA CORUNA,1-1 (0-1),Asian handicap,DEPORTIVO LA CORUNA +0,2.07,,80,0.00,Void,Eduardo Borrero,Football,2015-10-02 19:03:19
2015-10-03 16:00:00,Spain,Liga BBVA,SEVILLA FC vs FC BARCELONA,2-1 (0-0),Asian handicap,SEVILLA FC +0.50,2.08,,80,86.40,Win,Eduardo Borrero,Football,2015-10-02 18:26:03
2015-10-02 20:30:00,Spain,Liga BBVA,CELTA DE VIGO vs GETAFE CF,0-0 (0-0),Asian handicap,CELTA DE VIGO -1.00,1.81,,80,-80.00,Lost,Eduardo Borrero,Football,2015-10-02 18:23:03
2015-09-30 20:45:00,European cups,UEFA Champions League,ATLETICO MADRID vs BENFICA LISBON,1-2 (1-1),Asian handicap,ATLETICO MADRID -0.75,1.95,,80,-80.00,Lost,Eduardo Borrero,Football,2015-09-30 17:15:05
2015-09-30 20:45:00,European cups,UEFA Champions League,MALMO FF vs REAL MADRID,0-2 (0-1),Asian handicap,REAL MADRID -2.00,2.09,,80,0.00,Void,Eduardo Borrero,Football,2015-09-28 22:10:30
2015-09-30 20:45:00,European cups,UEFA Champions League,JUVENTUS TURIN vs SEVILLA FC,2-0 (1-0),Match Odds,JUVENTUS TURIN,1.95,,80,76.00,Win,Eduardo Borrero,Football,2015-09-28 22:03:06
2015-09-29 20:45:00,European cups,UEFA Champions League,OLYMPIQUE LYON vs VALENCIA CF,0-1 (0-1),Asian handicap,VALENCIA CF +0,1.97,,80,77.60,Win,Eduardo Borrero,Football,2015-09-28 22:08:07
2015-09-29 20:45:00,European cups,UEFA Champions League,FC BARCELONA vs BAYER LEVERKUSEN,2-1 (0-1),Asian handicap,FC BARCELONA -1.25,1.88,,80,-40.00,Half lost,Eduardo Borrero,Football,2015-09-28 22:05:21
2015-09-27 20:30:00,Spain,Liga BBVA,REAL SOCIEDAD vs ATHLETIC BILBAO,0-0 (0-0),Asian handicap,ATHLETIC BILBAO +0,2.20,,80,0.00,Void,Eduardo Borrero,Football,2015-09-25 18:37:45
2015-09-27 18:15:00,Spain,Liga BBVA,GETAFE CF vs LEVANTE UD,3-0 (0-0),Asian handicap,LEVANTE UD +0.50,2.00,,80,-80.00,Lost,Eduardo Borrero,Football,2015-09-25 18:36:03
2015-09-26 22:05:00,Spain,Liga BBVA,SD EIBAR vs CELTA DE VIGO,1-1 (1-0),Match Odds,CELTA DE VIGO,2.10,,80,-80.00,Lost,Eduardo Borrero,Football,2015-09-25 18:34:03
2015-09-26 20:30:00,Spain,Liga BBVA,SEVILLA FC vs RAYO VALLECANO,3-2 (2-0),Asian handicap,RAYO VALLECANO +1.25,1.85,,80,34.00,Half win,Eduardo Borrero,Football,2015-09-25 18:32:03
2015-09-23 22:00:00,Spain,Liga BBVA,MALAGA CF vs VILLARREAL CF,0-1 (0-0),Asian handicap,VILLARREAL CF -0.25,2.27,,80,101.60,Win,Eduardo Borrero,Football,2015-09-23 18:22:11
2015-09-23 21:00:00,Spain,Liga BBVA,ATHLETIC BILBAO vs REAL MADRID,1-2 (0-1),Asian handicap,REAL MADRID -0.75,2.01,,80,40.40,Half win,Eduardo Borrero,Football,2015-09-23 18:25:18
2015-09-23 20:00:00,Spain,Liga BBVA,RAYO VALLECANO vs SPORTING GIJON,2-1 (1-0),Match Odds,RAYO VALLECANO,2.25,,80,100.00,Win,Eduardo Borrero,Football,2015-09-23 18:24:03
2015-09-22 20:00:00,Spain,Liga BBVA,ATLETICO MADRID vs GETAFE CF,2-0 (1-0),Asian handicap,ATLETICO MADRID -1.50,2.04,,80,83.20,Win,Eduardo Borrero,Football,2015-09-22 18:30:08
2015-09-22 20:00:00,Spain,Liga BBVA,ESPANYOL BARCELONA vs VALENCIA CF,1-0 (1-0),Asian handicap,ESPANYOL BARCELONA +0.25,1.90,,80,72.00,Win,Eduardo Borrero,Football,2015-09-22 18:27:02
2015-09-20 20:30:00,Spain,Liga BBVA,LAS PALMAS UD vs RAYO VALLECANO,0-1 (0-1),Asian handicap,RAYO VALLECANO +0.75,1.80,,80,64.00,Win,Eduardo Borrero,Football,2015-09-19 22:07:03
2015-09-20 20:30:00,Spain,Liga BBVA,FC BARCELONA vs LEVANTE UD,4-1 (0-0),Asian handicap,FC BARCELONA -3.00,2.03,,80,0.00,Void,Eduardo Borrero,Football,2015-09-19 21:41:05
2015-09-20 18:15:00,Spain,Liga BBVA,VILLARREAL CF vs ATHLETIC BILBAO,3-1 (1-0),Match Odds,VILLARREAL CF,2.05,,80,84.00,Win,Eduardo Borrero,Football,2015-09-19 14:20:24
2015-09-19 22:00:00,Spain,Liga BBVA,REAL SOCIEDAD vs ESPANYOL BARCELONA,2-3 (1-1),Asian handicap,ESPANYOL BARCELONA +0.50,1.94,,80,75.20,Win,Eduardo Borrero,Football,2015-09-17 19:59:03
2015-09-19 16:00:00,Spain,Liga BBVA,REAL MADRID vs GRANADA CF,1-0 (0-0),Asian handicap,REAL MADRID -3.50,2.36,,80,-80.00,Lost,Eduardo Borrero,Football,2015-09-17 19:57:04
2015-09-18 20:30:00,Spain,Liga BBVA,GETAFE CF vs MALAGA CF,1-0 (1-0),Match Odds,GETAFE CF,3.21,,80,-80.00,Lost,Eduardo Borrero,Football,2015-09-17 19:55:04
2015-09-14 20:30:00,Spain,Liga BBVA,RAYO VALLECANO vs DEPORTIVO LA CORUNA,1-3 (1-2),Over / Under,Over +2.50,1.99,,80,79.20,Win,Eduardo Borrero,Football,2015-09-12 01:27:04
2015-09-13 12:00:00,Spain,Liga BBVA,GRANADA CF vs VILLARREAL CF,1-3 (0-0),Match Odds,VILLARREAL CF,2.35,,80,108.00,Win,Eduardo Borrero,Football,2015-09-10 16:38:09
2015-09-12 22:00:00,Spain,Liga BBVA,BETIS SEVILLA vs REAL SOCIEDAD,1-0 (1-0),Over / Under,Under +2.25,2.04,,80,83.20,Win,Eduardo Borrero,Football,2015-09-10 00:22:03
2015-09-12 20:30:00,Spain,Liga BBVA,ATLETICO MADRID vs FC BARCELONA,1-2 (0-0),Over / Under,Under +2.50,1.78,,80,-80.00,Lost,Eduardo Borrero,Football,2015-09-10 00:20:06
2015-09-11 20:30:00,Spain,Liga BBVA,LEVANTE UD vs SEVILLA FC,1-1 (0-1),Match Odds,SEVILLA FC,1.83,,80,-80.00,Lost,Eduardo Borrero,Football,2015-09-08 21:50:05
2015-08-30 22:30:00,Spain,Liga BBVA,LAS PALMAS UD vs LEVANTE UD,0-0 (0-0),Match Odds,LAS PALMAS UD,1.84,,100,-100.00,Lost,Eduardo Borrero,Football,2015-08-30 15:27:03
2015-08-30 20:30:00,Spain,Liga BBVA,VALENCIA CF vs DEPORTIVO LA CORUNA,1-1 (1-1),Asian handicap,VALENCIA CF -1.50,2.51,,80,-80.00,Lost,Eduardo Borrero,Football,2015-08-30 15:25:12
2015-08-30 18:30:00,Spain,Liga BBVA,SD EIBAR vs ATHLETIC BILBAO,2-0 (1-0),Match Odds,ATHLETIC BILBAO,2.19,,80,-80.00,Lost,Eduardo Borrero,Football,2015-08-28 13:35:03
2015-08-29 22:30:00,Spain,Liga BBVA,REAL MADRID vs BETIS SEVILLA,5-0 (2-0),Asian handicap,REAL MADRID -2.50,2.02,,80,81.60,Win,Eduardo Borrero,Football,2015-08-28 13:32:12
2015-08-29 20:30:00,Spain,Liga BBVA,FC BARCELONA vs MALAGA CF,1-0 (0-0),Asian handicap,FC BARCELONA -2.50,2.05,,80,-80.00,Lost,Eduardo Borrero,Football,2015-08-28 13:30:13
2015-08-29 18:30:00,Spain,Liga BBVA,REAL SOCIEDAD vs SPORTING GIJON,0-0 (0-0),Match Odds,REAL SOCIEDAD,1.91,,80,-80.00,Lost,Eduardo Borrero,Football,2015-08-28 13:28:03
2015-08-23 22:00:00,Spain,Liga BBVA,LEVANTE UD vs CELTA DE VIGO,1-2 (0-1),Asian handicap,LEVANTE UD +0.50,1.82,,80,-80.00,Lost,Eduardo Borrero,Football,2015-08-21 13:52:02
2015-08-22 20:30:00,Spain,Liga BBVA,ATLETICO MADRID vs LAS PALMAS UD,1-0 (1-0),Asian handicap,ATLETICO MADRID -2.00,2.44,,80,-80.00,Lost,Eduardo Borrero,Football,2015-08-21 13:57:02
2015-08-22 18:30:00,Spain,Liga BBVA,DEPORTIVO LA CORUNA vs REAL SOCIEDAD,0-0 (0-0),Over / Under,Under +2.25,1.81,,80,64.80,Win,Eduardo Borrero,Football,2015-08-21 14:00:06
2015-08-21 20:30:00,Spain,Liga BBVA,MALAGA CF vs SEVILLA FC,0-0 (0-0),Over / Under,Over +2.50,1.94,,80,-80.00,Lost,Eduardo Borrero,Football,2015-08-21 13:54:03
2015-05-23 20:30:00,Spain,Liga BBVA,REAL MADRID vs GETAFE CF,7-3 (3-3),Asian handicap,REAL MADRID -3.00,2.25,,60,75.00,Win,Eduardo Borrero,Football,2015-05-22 16:43:05
2015-05-23 18:30:00,Spain,Liga BBVA,FC BARCELONA vs DEPORTIVO LA CORUNA,2-2 (1-0),Asian handicap,FC BARCELONA -2.00,2.21,,60,-60.00,Lost,Eduardo Borrero,Football,2015-05-22 16:46:06
2015-05-23 18:30:00,Spain,Liga BBVA,GRANADA CF vs ATLETICO MADRID,0-0 (0-0),Asian handicap,GRANADA CF +0,2.88,,60,0.00,Void,Eduardo Borrero,Football,2015-05-22 16:40:43
2015-05-23 18:30:00,Spain,Liga BBVA,UD ALMERIA vs VALENCIA CF,2-3 (2-2),Asian handicap,VALENCIA CF -1.25,2.43,,60,-30.00,Half lost,Eduardo Borrero,Football,2015-05-22 16:38:04
2015-05-23 16:30:00,Spain,Liga BBVA,LEVANTE UD vs ELCHE CF,0-0 (0-0),Over / Under,Under +2.50,1.86,,80,68.80,Win,Eduardo Borrero,Football,2015-05-22 16:27:03
2015-05-17 19:00:00,Spain,Liga BBVA,ESPANYOL BARCELONA vs REAL MADRID,1-4 (0-0),Asian handicap,REAL MADRID -1.50,2.53,,60,91.80,Win,Eduardo Borrero,Football,2015-05-16 11:52:11
2015-05-17 19:00:00,Spain,Liga BBVA,CORDOBA CF vs RAYO VALLECANO,1-2 (0-1),Asian handicap,RAYO VALLECANO -1.00,2.45,,60,0.00,Void,Eduardo Borrero,Football,2015-05-16 11:48:06
2015-05-17 19:00:00,Spain,Liga BBVA,DEPORTIVO LA CORUNA vs LEVANTE UD,2-0 (1-0),Over / Under,Under +2.25,2.21,,60,36.30,Half win,Eduardo Borrero,Football,2015-05-16 11:42:05
2015-05-17 19:00:00,Spain,Liga BBVA,REAL SOCIEDAD vs GRANADA CF,0-3 (0-0),Over / Under,Under +2.50,1.99,,80,-80.00,Lost,Eduardo Borrero,Football,2015-05-16 11:40:06
2015-05-17 19:00:00,Spain,Liga BBVA,VILLARREAL CF vs MALAGA CF,2-1 (0-0),Over / Under,Under +2.50,2.13,,60,-60.00,Lost,Eduardo Borrero,Football,2015-05-16 11:38:04
2015-05-11 20:45:00,Spain,Liga BBVA,RAYO VALLECANO vs GETAFE CF,2-0 (1-0),Match Odds,RAYO VALLECANO,1.91,,100,91.00,Win,Eduardo Borrero,Football,2015-05-11 11:03:24
2015-05-10 21:00:00,Spain,Liga BBVA,CELTA DE VIGO vs SEVILLA FC,1-1 (0-1),Asian handicap,CELTA DE VIGO +0,2.12,,80,0.00,Void,Eduardo Borrero,Football,2015-05-09 21:20:05
2015-05-10 17:00:00,Spain,Liga BBVA,VILLARREAL CF vs ELCHE CF,1-0 (1-0),Asian handicap,ELCHE CF +1.00,2.54,,80,0.00,Void,Eduardo Borrero,Football,2015-05-09 22:31:04
2015-05-10 12:00:00,Spain,Liga BBVA,LEVANTE UD vs ATLETICO MADRID,2-2 (1-1),Asian handicap,ATLETICO MADRID -1.00,2.02,,80,-80.00,Lost,Eduardo Borrero,Football,2015-05-09 21:17:02
2015-05-09 22:00:00,Spain,Liga BBVA,ATHLETIC BILBAO vs DEPORTIVO LA CORUNA,1-1 (1-0),Over / Under,Under +2.50,1.94,,80,75.20,Win,Eduardo Borrero,Football,2015-05-08 13:24:04
2015-05-09 20:00:00,Spain,Liga BBVA,REAL MADRID vs VALENCIA CF,2-2 (0-2),Asian handicap,VALENCIA CF +1.50,1.79,,80,63.20,Win,Eduardo Borrero,Football,2015-05-08 13:28:03
2015-05-09 18:00:00,Spain,Liga BBVA,FC BARCELONA vs REAL SOCIEDAD,2-0 (0-0),Asian handicap,FC BARCELONA -3.50,2.31,,80,-80.00,Lost,Eduardo Borrero,Football,2015-05-08 13:20:13
2015-05-08 20:45:00,Spain,Liga BBVA,SD EIBAR vs ESPANYOL BARCELONA,0-2 (0-1),Asian handicap,ESPANYOL BARCELONA +0,2.04,,80,83.20,Win,Eduardo Borrero,Football,2015-05-07 13:47:02
2015-05-07 21:05:00,European cups,UEFA Europa League,SEVILLA FC vs AC FIORENTINA,3-0 (1-0),Match Odds,SEVILLA FC,1.83,,100,83.00,Win,Eduardo Borrero,Football,2015-05-06 17:05:35
2015-05-06 20:45:00,European cups,UEFA Champions League,FC BARCELONA vs BAYERN MUNICH,3-0 (0-0),Asian handicap,FC BARCELONA -1.00,2.33,,80,106.40,Win,Eduardo Borrero,Football,2015-05-05 12:24:03
2015-05-05 20:45:00,European cups,UEFA Champions League,JUVENTUS TURIN vs REAL MADRID,2-1 (1-1),Asian handicap,JUVENTUS TURIN +0,1.89,,80,71.20,Win,Eduardo Borrero,Football,2015-05-05 12:29:13
2015-05-04 20:45:00,Spain,Liga BBVA,UD ALMERIA vs CELTA DE VIGO,2-2 (0-2),Match Odds,CELTA DE VIGO,2.14,,100,-100.00,Lost,Eduardo Borrero,Football,2015-05-03 22:32:04
2015-05-03 21:00:00,Spain,Liga BBVA,MALAGA CF vs ELCHE CF,1-2 (0-1),Asian handicap,ELCHE CF +1.00,1.96,,80,76.80,Win,Eduardo Borrero,Football,2015-05-03 12:59:05
2015-05-03 19:00:00,Spain,Liga BBVA,VALENCIA CF vs SD EIBAR,3-1 (1-0),Asian handicap,VALENCIA CF -2.00,2.24,,80,0.00,Void,Eduardo Borrero,Football,2015-05-03 00:41:02
2015-05-03 17:00:00,Spain,Liga BBVA,GETAFE CF vs GRANADA CF,1-2 (1-1),Match Odds,GETAFE CF,2.21,,100,-100.00,Lost,Eduardo Borrero,Football,2015-05-03 00:43:02
2015-05-02 20:00:00,Spain,Liga BBVA,SEVILLA FC vs REAL MADRID,2-3 (1-2),Match Odds,REAL MADRID,2.07,,80,85.60,Win,Eduardo Borrero,Football,2015-05-01 14:36:03
2015-05-02 18:00:00,Spain,Liga BBVA,ATLETICO MADRID vs ATHLETIC BILBAO,0-0 (0-0),Over / Under,Under +2.50,1.88,,80,70.40,Win,Eduardo Borrero,Football,2015-05-01 18:29:03
2015-05-02 16:00:00,Spain,Liga BBVA,CORDOBA CF vs FC BARCELONA,0-8 (0-2),Asian handicap,FC BARCELONA -3.00,2.49,,80,119.20,Win,Eduardo Borrero,Football,2015-05-01 14:34:03
2015-05-01 20:45:00,Spain,Liga BBVA,REAL SOCIEDAD vs LEVANTE UD,3-0 (1-0),Match Odds,REAL SOCIEDAD,1.93,,80,74.40,Win,Eduardo Borrero,Football,2015-05-01 01:59:02
2015-04-29 22:00:00,Spain,Liga BBVA,VILLARREAL CF vs ATLETICO MADRID,0-1 (0-0),Match Odds,ATLETICO MADRID,2.20,,60,72.00,Win,Eduardo Borrero,Football,2015-04-29 13:02:06
2015-04-29 22:00:00,Spain,Liga BBVA,ELCHE CF vs DEPORTIVO LA CORUNA,4-0 (2-0),Match Odds,ELCHE CF,2.45,,60,87.00,Win,Eduardo Borrero,Football,2015-04-29 13:00:15
2015-04-28 20:00:00,Spain,Liga BBVA,FC BARCELONA vs GETAFE CF,6-0 (5-0),Asian handicap,FC BARCELONA -3.50,2.03,,60,61.80,Win,Eduardo Borrero,Football,2015-04-28 10:48:03
2015-04-26 21:00:00,Spain,Liga BBVA,CELTA DE VIGO vs REAL MADRID,2-4 (2-3),Asian handicap,REAL MADRID -1.00,2.25,,80,100.00,Win,Eduardo Borrero,Football,2015-04-26 10:56:03
2015-04-26 12:00:00,Spain,Liga BBVA,MALAGA CF vs DEPORTIVO LA CORUNA,1-1 (0-0),Match Odds,MALAGA CF,1.77,,80,-80.00,Lost,Eduardo Borrero,Football,2015-04-26 10:50:15
2015-04-25 18:00:00,Spain,Liga BBVA,ATLETICO MADRID vs ELCHE CF,3-0 (0-0),Asian handicap,ATLETICO MADRID -1.75,1.91,,80,72.80,Win,Eduardo Borrero,Football,2015-04-24 21:26:12
2015-04-25 16:00:00,Spain,Liga BBVA,ESPANYOL BARCELONA vs FC BARCELONA,0-2 (0-2),Asian handicap,FC BARCELONA -1.50,1.79,,80,63.20,Win,Eduardo Borrero,Football,2015-04-24 21:29:06
2015-04-24 20:45:00,Spain,Liga BBVA,CORDOBA CF vs ATHLETIC BILBAO,0-1 (0-0),Match Odds,ATHLETIC BILBAO,2.08,,80,86.40,Win,Eduardo Borrero,Football,2015-04-23 13:56:03
2015-04-20 20:45:00,Spain,Liga BBVA,ELCHE CF vs REAL SOCIEDAD,1-0 (1-0),Asian handicap,REAL SOCIEDAD +0,2.08,,80,-80.00,Lost,Eduardo Borrero,Football,2015-04-19 13:01:09
2015-04-19 19:00:00,Spain,Liga BBVA,VILLARREAL CF vs CORDOBA CF,0-0 (0-0),Asian handicap,VILLARREAL CF -1.50,1.99,,80,-80.00,Lost,Eduardo Borrero,Football,2015-04-19 12:27:02
2015-04-18 18:00:00,Spain,Liga BBVA,DEPORTIVO LA CORUNA vs ATLETICO MADRID,1-2 (0-2),Match Odds,ATLETICO MADRID,1.81,,80,64.80,Win,Eduardo Borrero,Football,2015-04-18 12:54:04
2015-04-18 16:00:00,Spain,Liga BBVA,FC BARCELONA vs VALENCIA CF,2-0 (1-0),Asian handicap,VALENCIA CF +1.50,2.43,,80,-80.00,Lost,Eduardo Borrero,Football,2015-04-17 20:07:03
2015-04-17 20:45:00,Spain,Liga BBVA,LEVANTE UD vs ESPANYOL BARCELONA,2-2 (1-2),Asian handicap,ESPANYOL BARCELONA +0,1.91,,80,0.00,Void,Eduardo Borrero,Football,2015-04-17 17:35:03
2015-04-16 21:05:00,European cups,UEFA Europa League,SEVILLA FC vs ZENIT ST PETERSBURG,2-1 (0-1),Asian handicap,ZENIT ST PETERSBURG +1.00,1.85,,80,0.00,Void,Eduardo Borrero,Football,2015-04-15 20:49:02
2015-04-15 20:45:00,European cups,UEFA Champions League,PARIS ST GERMAIN vs FC BARCELONA,1-3 (0-1),Asian handicap,PARIS ST GERMAIN +0.50,2.19,,80,-80.00,Lost,Eduardo Borrero,Football,2015-04-14 20:27:02
2015-04-14 20:45:00,European cups,UEFA Champions League,ATLETICO MADRID vs REAL MADRID,0-0 (0-0),Both team to score,Yes,1.91,,80,-80.00,Lost,Eduardo Borrero,Football,2015-04-13 21:52:11
2015-04-13 20:30:00,Spain,Liga BBVA,VALENCIA CF vs LEVANTE UD,3-0 (2-0),Asian handicap,VALENCIA CF -1.50,2.16,,80,92.80,Win,Eduardo Borrero,Football,2015-04-12 22:58:44
2015-04-12 19:00:00,Spain,Liga BBVA,REAL SOCIEDAD vs DEPORTIVO LA CORUNA,2-2 (1-1),Match Odds,REAL SOCIEDAD,1.93,,80,-80.00,Lost,Eduardo Borrero,Football,2015-04-10 22:27:04
2015-04-11 20:00:00,Spain,Liga BBVA,SEVILLA FC vs FC BARCELONA,2-2 (1-2),Asian handicap,SEVILLA FC +1.00,1.86,,80,68.80,Win,Eduardo Borrero,Football,2015-04-10 22:20:06
2015-04-11 16:00:00,Spain,Liga BBVA,REAL MADRID vs SD EIBAR,3-0 (2-0),Asian handicap,REAL MADRID -3.00,2.11,,80,0.00,Void,Eduardo Borrero,Football,2015-04-10 22:25:14
2015-04-09 20:00:00,Spain,Liga BBVA,ATHLETIC BILBAO vs VALENCIA CF,1-1 (0-0),Asian handicap,VALENCIA CF +0,2.12,,80,0.00,Void,Eduardo Borrero,Football,2015-04-08 14:17:03
2015-04-08 22:00:00,Spain,Liga BBVA,GRANADA CF vs CELTA DE VIGO,1-1 (1-0),Match Odds,CELTA DE VIGO,2.47,,80,-80.00,Lost,Eduardo Borrero,Football,2015-04-08 13:36:14
2015-04-08 22:00:00,Spain,Liga BBVA,RAYO VALLECANO vs REAL MADRID,0-2 (0-0),Asian handicap,REAL MADRID -2.00,1.96,,80,0.00,Void,Eduardo Borrero,Football,2015-04-08 13:32:03
2015-04-08 20:00:00,Spain,Liga BBVA,FC BARCELONA vs UD ALMERIA,4-0 (1-0),Asian handicap,FC BARCELONA -3.50,1.88,,80,70.40,Win,Eduardo Borrero,Football,2015-04-08 13:34:09
2015-04-07 22:00:00,Spain,Liga BBVA,LEVANTE UD vs SEVILLA FC,1-2 (0-2),Match Odds,SEVILLA FC,1.85,,80,68.00,Win,Eduardo Borrero,Football,2015-04-06 21:11:02
2015-04-05 17:00:00,Spain,Liga BBVA,VALENCIA CF vs VILLARREAL CF,0-0 (0-0),Match Odds,VALENCIA CF,2.05,,80,-80.00,Lost,Eduardo Borrero,Football,2015-04-04 22:58:03
2015-04-05 12:00:00,Spain,Liga BBVA,REAL MADRID vs GRANADA CF,9-1 (4-0),Asian handicap,REAL MADRID -3.00,2.23,,80,98.40,Win,Eduardo Borrero,Football,2015-04-04 11:29:03
2015-04-04 22:00:00,Spain,Liga BBVA,MALAGA CF vs REAL SOCIEDAD,1-1 (0-0),Asian handicap,REAL SOCIEDAD +0.50,1.97,,80,77.60,Win,Eduardo Borrero,Football,2015-04-03 12:33:02
2015-04-04 16:00:00,Spain,Liga BBVA,SEVILLA FC vs ATHLETIC BILBAO,2-0 (2-0),Asian handicap,ATHLETIC BILBAO +0.50,2.23,,80,-80.00,Lost,Eduardo Borrero,Football,2015-04-03 12:35:04
2015-03-22 17:00:00,Spain,Liga BBVA,VILLARREAL CF vs SEVILLA FC,0-2 (0-0),Over / Under,Over +2.50,1.79,,80,-80.00,Lost,Eduardo Borrero,Football,2015-03-22 12:23:06
2015-03-21 16:00:00,Spain,Liga BBVA,ATLETICO MADRID vs GETAFE CF,2-0 (2-0),Asian handicap,ATLETICO MADRID -1.50,2.06,,80,84.80,Win,Eduardo Borrero,Football,2015-03-21 02:06:02
2015-03-20 20:45:00,Spain,Liga BBVA,ELCHE CF vs VALENCIA CF,0-4 (0-1),Match Odds,VALENCIA CF,2.00,,80,80.00,Win,Eduardo Borrero,Football,2015-03-19 15:46:03
2015-03-19 21:05:00,European cups,UEFA Europa League,SEVILLA FC vs VILLARREAL CF,2-1 (0-0),Match Odds,SEVILLA FC,2.20,,80,96.00,Win,Eduardo Borrero,Football,2015-03-18 13:38:03
2015-03-18 20:45:00,European cups,UEFA Champions League,FC BARCELONA vs MANCHESTER CITY,1-0 (1-0),Asian handicap,FC BARCELONA -1.50,2.08,,80,-80.00,Lost,Eduardo Borrero,Football,2015-03-18 11:57:04
2015-03-17 20:45:00,European cups,UEFA Champions League,ATLETICO MADRID vs BAYER LEVERKUSEN,4-2 (1-0),Asian handicap,BAYER LEVERKUSEN +0.75,2.01,,80,-40.00,Half lost,Eduardo Borrero,Football,2015-03-16 22:40:06
2015-03-16 20:45:00,Spain,Liga BBVA,GETAFE CF vs REAL SOCIEDAD,0-1 (0-0),Asian handicap,REAL SOCIEDAD +0.25,1.93,,80,74.40,Win,Eduardo Borrero,Football,2015-03-16 00:41:04
2015-03-15 21:00:00,Spain,Liga BBVA,REAL MADRID vs LEVANTE UD,2-0 (2-0),Asian handicap,REAL MADRID -2.75,1.88,,80,-80.00,Lost,Eduardo Borrero,Football,2015-03-14 20:23:34
2015-03-15 17:00:00,Spain,Liga BBVA,MALAGA CF vs CORDOBA CF,2-0 (0-0),Asian handicap,MALAGA CF -1.00,2.13,,80,90.40,Win,Eduardo Borrero,Football,2015-03-14 20:26:03
2015-03-14 22:00:00,Spain,Liga BBVA,CELTA DE VIGO vs ATHLETIC BILBAO,1-2 (0-2),Asian handicap,ATHLETIC BILBAO +0.50,1.82,,80,65.60,Win,Eduardo Borrero,Football,2015-03-13 20:57:03
2015-03-14 20:00:00,Spain,Liga BBVA,RAYO VALLECANO vs GRANADA CF,3-1 (0-1),Match Odds,RAYO VALLECANO,2.00,,80,80.00,Win,Eduardo Borrero,Football,2015-03-13 21:00:06
2015-03-13 20:45:00,Spain,Liga BBVA,VALENCIA CF vs DEPORTIVO LA CORUNA,2-0 (0-0),Asian handicap,VALENCIA CF -1.50,2.16,,80,92.80,Win,Eduardo Borrero,Football,2015-03-12 23:04:05
2015-03-12 21:05:00,European cups,UEFA Europa League,VILLARREAL CF vs SEVILLA FC,1-3 (0-2),Over / Under,Under +2.50,1.94,,80,-80.00,Lost,Eduardo Borrero,Football,2015-03-11 15:09:09
2015-03-10 20:45:00,European cups,UEFA Champions League,REAL MADRID vs FC SCHALKE 04,3-4 (2-2),Asian handicap,REAL MADRID -1.75,1.78,,100,-100.00,Lost,Eduardo Borrero,Football,2015-03-09 21:34:03
2015-03-08 21:00:00,Spain,Liga BBVA,ATLETICO MADRID vs VALENCIA CF,1-1 (1-0),Asian handicap,VALENCIA CF +0.75,2.02,,80,81.60,Win,Eduardo Borrero,Football,2015-03-08 15:56:04
2015-03-08 17:00:00,Spain,Liga BBVA,REAL SOCIEDAD vs ESPANYOL BARCELONA,1-0 (1-0),Match Odds,REAL SOCIEDAD,2.25,,80,100.00,Win,Eduardo Borrero,Football,2015-03-06 14:53:02
2015-03-07 22:00:00,Spain,Liga BBVA,GRANADA CF vs MALAGA CF,1-0 (0-0),Asian handicap,MALAGA CF +0,1.88,,80,-80.00,Lost,Eduardo Borrero,Football,2015-03-06 14:49:02
2015-03-07 20:00:00,Spain,Liga BBVA,ELCHE CF vs UD ALMERIA,1-0 (1-0),Match Odds,Draw,3.40,,60,-60.00,Lost,Eduardo Borrero,Football,2015-03-06 14:48:11
2015-03-07 18:00:00,Spain,Liga BBVA,ATHLETIC BILBAO vs REAL MADRID,1-0 (1-0),Asian handicap,REAL MADRID -1.50,2.33,,80,-80.00,Lost,Eduardo Borrero,Football,2015-03-06 14:51:06
2015-03-04 22:00:00,Spain,Copa del Rey,ESPANYOL BARCELONA vs ATHLETIC BILBAO,0-2 (0-2),Over / Under,Under +2.25,1.80,,80,32.00,Half win,Eduardo Borrero,Football,2015-03-03 22:44:04
2015-03-01 19:00:00,Spain,Liga BBVA,SEVILLA FC vs ATLETICO MADRID,0-0 (0-0),Asian handicap,SEVILLA FC +0,2.16,,80,0.00,Void,Eduardo Borrero,Football,2015-03-01 13:24:19
2015-02-28 20:00:00,Spain,Liga BBVA,UD ALMERIA vs DEPORTIVO LA CORUNA,0-0 (0-0),Match Odds,UD ALMERIA,2.32,,60,-60.00,Lost,Eduardo Borrero,Football,2015-02-28 10:27:03
2015-02-28 16:00:00,Spain,Liga BBVA,GRANADA CF vs FC BARCELONA,1-3 (0-1),Asian handicap,GRANADA CF +2.25,1.91,,80,36.40,Half win,Eduardo Borrero,Football,2015-02-28 10:29:02
2015-02-25 20:45:00,European cups,UEFA Champions League,BAYER LEVERKUSEN vs ATLETICO MADRID,1-0 (0-0),Asian handicap,ATLETICO MADRID +0,1.79,,100,-100.00,Lost,Eduardo Borrero,Football,2015-02-25 12:57:04
2015-02-22 21:00:00,Spain,Liga BBVA,ELCHE CF vs REAL MADRID,0-2 (0-0),Asian handicap,REAL MADRID -2.00,2.13,,80,0.00,Void,Eduardo Borrero,Football,2015-02-22 13:11:03
2015-02-22 12:00:00,Spain,Liga BBVA,REAL SOCIEDAD vs SEVILLA FC,4-3 (1-1),Asian handicap,REAL SOCIEDAD +0,2.14,,80,91.20,Win,Eduardo Borrero,Football,2015-02-22 00:27:02
2015-02-21 18:00:00,Spain,Liga BBVA,CORDOBA CF vs VALENCIA CF,1-2 (0-1),Match Odds,VALENCIA CF,1.92,,80,73.60,Win,Eduardo Borrero,Football,2015-02-21 12:36:14
2015-02-21 16:00:00,Spain,Liga BBVA,FC BARCELONA vs MALAGA CF,0-1 (0-1),Asian handicap,FC BARCELONA -2.75,1.91,,80,-80.00,Lost,Eduardo Borrero,Football,2015-02-21 12:34:02
2015-02-20 20:45:00,Spain,Liga BBVA,GETAFE CF vs ESPANYOL BARCELONA,2-1 (1-0),Asian handicap,ESPANYOL BARCELONA +0,2.19,,80,-80.00,Lost,Eduardo Borrero,Football,2015-02-20 11:19:02
2015-02-18 20:45:00,European cups,UEFA Champions League,FC SCHALKE 04 vs REAL MADRID,0-2 (0-1),Asian handicap,REAL MADRID -1.25,2.05,,80,84.00,Win,Eduardo Borrero,Football,2015-02-18 14:04:05
2015-02-16 20:45:00,Spain,Liga BBVA,SD EIBAR vs ELCHE CF,0-1 (0-0),Match Odds,SD EIBAR,2.24,,80,-80.00,Lost,Eduardo Borrero,Football,2015-02-15 18:22:03
2015-02-15 21:00:00,Spain,Liga BBVA,CELTA DE VIGO vs ATLETICO MADRID,2-0 (0-0),Match Odds,ATLETICO MADRID,2.20,,80,-80.00,Lost,Eduardo Borrero,Football,2015-02-15 12:48:03
2015-02-15 17:00:00,Spain,Liga BBVA,FC BARCELONA vs LEVANTE UD,5-0 (2-0),Asian handicap,FC BARCELONA -3.50,2.12,,80,89.60,Win,Eduardo Borrero,Football,2015-02-15 12:46:02
2015-02-14 16:00:00,Spain,Liga BBVA,SEVILLA FC vs CORDOBA CF,3-0 (2-0),Over / Under,Over +2.50,1.79,,80,63.20,Win,Eduardo Borrero,Football,2015-02-13 23:06:02
2015-02-13 20:45:00,Spain,Liga BBVA,UD ALMERIA vs REAL SOCIEDAD,2-2 (2-1),Over / Under,Under +2.25,1.89,,80,-80.00,Lost,Eduardo Borrero,Football,2015-02-12 21:31:02
2015-02-11 22:00:00,Spain,Copa del Rey,ATHLETIC BILBAO vs ESPANYOL BARCELONA,1-1 (1-1),Match Odds,Draw,3.45,,60,147.00,Win,Eduardo Borrero,Football,2015-02-10 22:05:05
2015-02-08 21:00:00,Spain,Liga BBVA,ATHLETIC BILBAO vs FC BARCELONA,2-5 (0-2),Asian handicap,FC BARCELONA -1.50,2.11,,80,88.80,Win,Eduardo Borrero,Football,2015-02-08 12:46:02
2015-02-08 19:00:00,Spain,Liga BBVA,ESPANYOL BARCELONA vs VALENCIA CF,1-2 (0-0),Asian handicap,ESPANYOL BARCELONA +0,2.04,,80,-80.00,Lost,Eduardo Borrero,Football,2015-02-08 00:41:02
2015-02-07 22:00:00,Spain,Liga BBVA,REAL SOCIEDAD vs CELTA DE VIGO,1-1 (1-0),Over / Under,Under +2.25,1.99,,80,39.60,Half win,Eduardo Borrero,Football,2015-02-07 12:45:03
2015-02-07 18:00:00,Spain,Liga BBVA,VILLARREAL CF vs GRANADA CF,2-0 (1-0),Asian handicap,VILLARREAL CF -1.50,2.03,,80,82.40,Win,Eduardo Borrero,Football,2015-02-07 00:05:05
2015-02-07 16:00:00,Spain,Liga BBVA,ATLETICO MADRID vs REAL MADRID,4-0 (2-0),Over / Under,Over +2.50,1.94,,80,75.20,Win,Eduardo Borrero,Football,2015-02-07 00:03:05
2015-02-01 21:00:00,Spain,Liga BBVA,FC BARCELONA vs VILLARREAL CF,3-2 (1-1),Asian handicap,FC BARCELONA -1.75,1.83,,100,-100.00,Lost,Eduardo Borrero,Football,2015-02-01 11:29:05
2015-02-01 19:00:00,Spain,Liga BBVA,SEVILLA FC vs ESPANYOL BARCELONA,3-2 (2-1),Asian handicap,ESPANYOL BARCELONA +1.00,1.78,,100,0.00,Void,Eduardo Borrero,Football,2015-02-01 11:28:03
2015-01-31 22:00:00,Spain,Liga BBVA,CELTA DE VIGO vs CORDOBA CF,1-0 (0-0),Over / Under,Under +2.50,1.86,,80,68.80,Win,Eduardo Borrero,Football,2015-01-30 20:59:02
2015-01-31 20:00:00,Spain,Liga BBVA,GRANADA CF vs ELCHE CF,1-0 (0-0),Asian handicap,ELCHE CF +0.50,1.96,,80,-80.00,Lost,Eduardo Borrero,Football,2015-01-30 20:55:04
2015-01-31 16:00:00,Spain,Liga BBVA,REAL MADRID vs REAL SOCIEDAD,4-1 (2-1),Asian handicap,REAL MADRID -2.50,1.95,,80,76.00,Win,Eduardo Borrero,Football,2015-01-30 20:52:03
2015-01-25 21:00:00,Spain,Liga BBVA,VALENCIA CF vs SEVILLA FC,3-1 (2-1),Over / Under,Over +2.50,2.02,,80,81.60,Win,Eduardo Borrero,Football,2015-01-25 12:55:10
2015-01-25 12:00:00,Spain,Liga BBVA,DEPORTIVO LA CORUNA vs GRANADA CF,2-2 (2-1),Over / Under,Under +2.00,1.94,,80,-80.00,Lost,Eduardo Borrero,Football,2015-01-24 18:06:03
2015-01-24 22:00:00,Spain,Liga BBVA,REAL SOCIEDAD vs SD EIBAR,1-0 (0-0),Over / Under,Under +2.25,1.92,,80,73.60,Win,Eduardo Borrero,Football,2015-01-24 12:44:02
2015-01-24 20:00:00,Spain,Liga BBVA,ATLETICO MADRID vs RAYO VALLECANO,3-1 (2-1),Over / Under,Over +2.75,1.88,,80,70.40,Win,Eduardo Borrero,Football,2015-01-24 12:42:07
2015-01-24 18:00:00,Spain,Liga BBVA,ELCHE CF vs FC BARCELONA,0-6 (0-1),Asian handicap,FC BARCELONA -2.50,2.03,,80,82.40,Win,Eduardo Borrero,Football,2015-01-24 12:40:05
2015-01-24 16:00:00,Spain,Liga BBVA,CORDOBA CF vs REAL MADRID,1-2 (1-1),Asian handicap,REAL MADRID -2.25,1.97,,80,-80.00,Lost,Eduardo Borrero,Football,2015-01-24 12:35:03
2015-01-18 19:00:00,Spain,Liga BBVA,DEPORTIVO LA CORUNA vs FC BARCELONA,0-4 (0-2),Asian handicap,FC BARCELONA -2.25,2.14,,80,91.20,Win,Eduardo Borrero,Football,2015-01-18 12:02:20
2015-01-17 18:00:00,Spain,Liga BBVA,VALENCIA CF vs UD ALMERIA,3-2 (2-2),Asian handicap,VALENCIA CF -1.50,2.08,,100,-100.00,Lost,Eduardo Borrero,Football,2015-01-16 22:07:02
2015-01-17 16:00:00,Spain,Liga BBVA,REAL SOCIEDAD vs RAYO VALLECANO,0-1 (0-0),Over / Under,Under +2.50,1.99,,80,79.20,Win,Eduardo Borrero,Football,2015-01-16 22:05:05
2015-01-11 21:00:00,Spain,Liga BBVA,FC BARCELONA vs ATLETICO MADRID,3-1 (2-0),Asian handicap,ATLETICO MADRID +1.00,1.88,,80,-80.00,Lost,Eduardo Borrero,Football,2015-01-10 22:36:02
2015-01-11 12:00:00,Spain,Liga BBVA,UD ALMERIA vs SEVILLA FC,0-2 (0-0),Asian handicap,UD ALMERIA +0.50,2.05,,80,-80.00,Lost,Eduardo Borrero,Football,2015-01-10 22:38:06
2015-01-10 22:00:00,Spain,Liga BBVA,SD EIBAR vs GETAFE CF,2-1 (1-0),Asian handicap,SD EIBAR -0.25,1.94,,80,75.20,Win,Eduardo Borrero,Football,2015-01-10 16:29:02
2015-01-10 20:00:00,Spain,Liga BBVA,CELTA DE VIGO vs VALENCIA CF,1-1 (0-1),Asian handicap,VALENCIA CF +0,1.99,,100,0.00,Void,Eduardo Borrero,Football,2015-01-09 20:10:04
2015-01-10 16:00:00,Spain,Liga BBVA,REAL MADRID vs ESPANYOL BARCELONA,3-0 (2-0),Asian handicap,REAL MADRID -2.75,2.01,,80,40.40,Half win,Eduardo Borrero,Football,2015-01-09 19:48:03
2015-01-04 21:00:00,Spain,Liga BBVA,REAL SOCIEDAD vs FC BARCELONA,1-0 (1-0),Asian handicap,FC BARCELONA -1.50,1.88,,80,-80.00,Lost,Eduardo Borrero,Football,2015-01-04 11:53:03
2015-01-04 19:00:00,Spain,Liga BBVA,ESPANYOL BARCELONA vs SD EIBAR,1-2 (0-2),Match Odds,ESPANYOL BARCELONA,1.75,,100,-100.00,Lost,Eduardo Borrero,Football,2015-01-04 11:22:02
2015-01-04 17:00:00,Spain,Liga BBVA,VALENCIA CF vs REAL MADRID,2-1 (0-1),Asian handicap,VALENCIA CF +1.00,2.01,,80,80.80,Win,Eduardo Borrero,Football,2015-01-04 10:53:02
2014-12-21 19:00:00,Spain,Liga BBVA,ELCHE CF vs MALAGA CF,1-2 (1-0),Asian handicap,MALAGA CF -0.25,2.17,,80,93.60,Win,Eduardo Borrero,Football,2014-12-21 10:46:03
2014-12-21 17:00:00,Spain,Liga BBVA,GRANADA CF vs GETAFE CF,1-1 (1-0),Over / Under,Under +2.00,1.96,,80,0.00,Void,Eduardo Borrero,Football,2014-12-21 10:41:02
2014-12-20 20:00:00,Spain,Liga BBVA,SD EIBAR vs VALENCIA CF,0-1 (0-1),Match Odds,VALENCIA CF,2.10,,80,88.00,Win,Eduardo Borrero,Football,2014-12-19 20:32:03
2014-12-20 18:00:00,Spain,Liga BBVA,LEVANTE UD vs REAL SOCIEDAD,1-1 (0-0),Over / Under,Under +2.25,1.79,,80,31.60,Half win,Eduardo Borrero,Football,2014-12-19 20:24:03
2014-12-19 20:45:00,Spain,Liga BBVA,CELTA DE VIGO vs UD ALMERIA,0-1 (0-1),Asian handicap,UD ALMERIA +1.00,2.06,,80,84.80,Win,Eduardo Borrero,Football,2014-12-18 21:30:05
2014-12-14 21:00:00,Spain,Liga BBVA,REAL SOCIEDAD vs ATHLETIC BILBAO,1-1 (1-0),Over / Under,Under +2.25,1.86,,80,34.40,Half win,Eduardo Borrero,Football,2014-12-13 21:28:03
2014-12-14 17:00:00,Spain,Liga BBVA,SEVILLA FC vs SD EIBAR,0-0 (0-0),Asian handicap,SEVILLA FC -1.25,1.99,,80,-80.00,Lost,Eduardo Borrero,Football,2014-12-13 21:26:03
2014-12-13 18:00:00,Spain,Liga BBVA,VALENCIA CF vs RAYO VALLECANO,3-0 (3-0),Asian handicap,VALENCIA CF -1.00,1.77,,80,61.60,Win,Eduardo Borrero,Football,2014-12-13 01:58:03
2014-12-12 20:45:00,Spain,Liga BBVA,UD ALMERIA vs REAL MADRID,1-4 (1-2),Asian handicap,REAL MADRID -2.00,1.86,,80,68.80,Win,Eduardo Borrero,Football,2014-12-11 22:10:05
2014-12-11 21:05:00,European cups,UEFA Europa League,SEVILLA FC vs HNK RIJEKA,1-0 (1-0),Asian handicap,SEVILLA FC -1.50,1.82,,80,-80.00,Lost,Eduardo Borrero,Football,2014-12-10 21:50:13
2014-12-10 20:45:00,European cups,UEFA Champions League,FC BARCELONA vs PARIS ST GERMAIN,3-1 (2-1),Asian handicap,FC BARCELONA -1.25,1.99,,80,79.20,Win,Eduardo Borrero,Football,2014-12-09 22:20:04
2014-12-09 20:45:00,European cups,UEFA Champions League,REAL MADRID vs LUDOGORETS RAZGRAD,4-0 (2-0),Asian handicap,REAL MADRID -2.50,1.96,,80,76.80,Win,Eduardo Borrero,Football,2014-12-08 21:08:04
2014-12-08 19:00:00,Spain,Liga BBVA,LEVANTE UD vs GETAFE CF,1-1 (0-0),Asian handicap,LEVANTE UD +0,1.83,,80,0.00,Void,Eduardo Borrero,Football,2014-12-07 20:47:18
2014-12-08 17:00:00,Spain,Liga BBVA,SD EIBAR vs UD ALMERIA,5-2 (3-1),Asian handicap,SD EIBAR -0.50,2.12,,80,89.60,Win,Eduardo Borrero,Football,2014-12-07 20:41:02
2014-12-07 21:00:00,Spain,Liga BBVA,GRANADA CF vs VALENCIA CF,1-1 (0-0),Asian handicap,VALENCIA CF -0.50,2.11,,80,-80.00,Lost,Eduardo Borrero,Football,2014-12-06 22:13:02
2014-12-07 19:00:00,Spain,Liga BBVA,VILLARREAL CF vs REAL SOCIEDAD,4-0 (0-0),Asian handicap,VILLARREAL CF -1.00,2.31,,60,78.60,Win,Eduardo Borrero,Football,2014-12-06 22:11:02
2014-12-07 17:00:00,Spain,Liga BBVA,FC BARCELONA vs ESPANYOL BARCELONA,5-1 (1-1),Over / Under,Under +3.50,1.88,,80,-80.00,Lost,Eduardo Borrero,Football,2014-12-06 22:14:39
2014-12-07 12:00:00,Spain,Liga BBVA,RAYO VALLECANO vs SEVILLA FC,0-1 (0-1),Over / Under,Over +2.50,1.76,,100,-100.00,Lost,Eduardo Borrero,Football,2014-12-06 22:07:02
2014-12-06 20:00:00,Spain,Liga BBVA,REAL MADRID vs CELTA DE VIGO,3-0 (1-0),Asian handicap,REAL MADRID -2.50,1.96,,80,76.80,Win,Eduardo Borrero,Football,2014-12-05 21:33:03
2014-12-06 16:00:00,Spain,Liga BBVA,ELCHE CF vs ATLETICO MADRID,0-2 (0-1),Asian handicap,ATLETICO MADRID -1.00,2.01,,80,80.80,Win,Eduardo Borrero,Football,2014-12-05 21:31:02
2014-11-30 21:00:00,Spain,Liga BBVA,VALENCIA CF vs FC BARCELONA,0-1 (0-0),Asian handicap,FC BARCELONA -1.00,1.90,,100,0.00,Void,Eduardo Borrero,Football,2014-11-30 12:02:06
2014-11-30 19:00:00,Spain,Liga BBVA,CORDOBA CF vs VILLARREAL CF,0-2 (0-1),Asian handicap,CORDOBA CF +0.50,2.16,,100,-100.00,Lost,Eduardo Borrero,Football,2014-11-30 12:07:02
2014-11-30 17:00:00,Spain,Liga BBVA,SEVILLA FC vs GRANADA CF,5-1 (1-1),Asian handicap,SEVILLA FC -1.50,2.35,,100,135.00,Win,Eduardo Borrero,Football,2014-11-30 12:10:03
2014-11-29 20:00:00,Spain,Liga BBVA,MALAGA CF vs REAL MADRID,1-2 (0-1),Asian handicap,REAL MADRID -1.50,2.08,,80,-80.00,Lost,Eduardo Borrero,Football,2014-11-28 23:36:03
2014-11-28 20:45:00,Spain,Liga BBVA,REAL SOCIEDAD vs ELCHE CF,3-0 (2-0),Asian handicap,REAL SOCIEDAD -0.75,1.98,,100,98.00,Win,Eduardo Borrero,Football,2014-11-28 11:51:02
2014-11-23 21:00:00,Spain,Liga BBVA,VILLARREAL CF vs GETAFE CF,2-1 (2-0),Asian handicap,VILLARREAL CF -1.00,1.79,,80,0.00,Void,Eduardo Borrero,Football,2014-11-22 21:37:02
2014-11-23 17:00:00,Spain,Liga BBVA,LEVANTE UD vs VALENCIA CF,2-1 (0-0),Asian handicap,VALENCIA CF -0.75,1.95,,80,-80.00,Lost,Eduardo Borrero,Football,2014-11-22 21:39:02
2014-11-23 12:00:00,Spain,Liga BBVA,RAYO VALLECANO vs CELTA DE VIGO,1-0 (1-0),Over / Under,Over +3.50,2.74,,80,-80.00,Lost,Eduardo Borrero,Football,2014-11-22 21:35:07
2014-11-22 20:00:00,Spain,Liga BBVA,FC BARCELONA vs SEVILLA FC,5-1 (1-0),Asian handicap,SEVILLA FC +2.00,1.90,,80,-80.00,Lost,Eduardo Borrero,Football,2014-11-21 22:07:05
2014-11-22 18:00:00,Spain,Liga BBVA,SD EIBAR vs REAL MADRID,0-4 (0-2),Asian handicap,REAL MADRID -2.00,1.86,,80,68.80,Win,Eduardo Borrero,Football,2014-11-21 22:10:05
2014-11-22 16:00:00,Spain,Liga BBVA,ATLETICO MADRID vs MALAGA CF,3-1 (2-0),Asian handicap,ATLETICO MADRID -1.25,2.25,,80,100.00,Win,Eduardo Borrero,Football,2014-11-21 22:12:06
2014-11-09 21:00:00,Spain,Liga BBVA,REAL SOCIEDAD vs ATLETICO MADRID,2-1 (1-1),Match Odds,ATLETICO MADRID,1.82,,80,-80.00,Lost,Eduardo Borrero,Football,2014-11-08 22:21:31
2014-11-09 19:00:00,Spain,Liga BBVA,VALENCIA CF vs ATHLETIC BILBAO,0-0 (0-0),Asian handicap,VALENCIA CF -1.00,2.21,,80,-80.00,Lost,Eduardo Borrero,Football,2014-11-08 22:24:02
2014-11-09 12:00:00,Spain,Liga BBVA,SEVILLA FC vs LEVANTE UD,1-1 (1-0),Asian handicap,SEVILLA FC -1.50,1.91,,80,-80.00,Lost,Eduardo Borrero,Football,2014-11-08 22:19:02
2014-11-08 22:00:00,Spain,Liga BBVA,MALAGA CF vs SD EIBAR,2-1 (0-1),Over / Under,Over +2.25,2.02,,80,81.60,Win,Eduardo Borrero,Football,2014-11-07 22:34:03
2014-11-08 20:00:00,Spain,Liga BBVA,REAL MADRID vs RAYO VALLECANO,5-1 (2-1),Over / Under,Over +4.25,1.86,,80,68.80,Win,Eduardo Borrero,Football,2014-11-07 22:32:02
2014-11-08 16:00:00,Spain,Liga BBVA,UD ALMERIA vs FC BARCELONA,1-2 (1-0),Asian handicap,UD ALMERIA +2.25,1.87,,80,69.60,Win,Eduardo Borrero,Football,2014-11-07 22:38:03
2014-11-07 20:45:00,Spain,Liga BBVA,CORDOBA CF vs DEPORTIVO LA CORUNA,0-0 (0-0),Asian handicap,CORDOBA CF -0.25,2.02,,80,-40.00,Half lost,Eduardo Borrero,Football,2014-11-06 22:14:02
2014-11-06 21:05:00,European cups,UEFA Europa League,SEVILLA FC vs STANDARD LIEGE,3-1 (2-1),Asian handicap,SEVILLA FC -1.50,1.94,,80,71.44,Win,Eduardo Borrero,Football,2014-11-05 21:47:02
2014-11-06 19:00:00,European cups,UEFA Europa League,FC ZURICH vs VILLARREAL CF,3-2 (3-2),Match Odds,VILLARREAL CF,2.02,,80,-80.00,Lost,Eduardo Borrero,Football,2014-11-05 20:43:02
2014-11-05 20:45:00,European cups,UEFA Champions League,ATHLETIC BILBAO vs FC PORTO,0-2 (0-0),Over / Under,Under +2.50,1.81,,80,64.80,Win,Eduardo Borrero,Football,2014-11-04 22:39:02
2014-11-04 20:45:00,European cups,UEFA Champions League,REAL MADRID vs LIVERPOOL FC,1-0 (1-0),Asian handicap,REAL MADRID -1.75,1.81,,100,-100.00,Lost,Eduardo Borrero,Football,2014-11-03 21:02:05
2014-11-02 21:00:00,Spain,Liga BBVA,ELCHE CF vs ESPANYOL BARCELONA,2-1 (1-0),Asian handicap,ELCHE CF +0,1.84,,80,67.20,Win,Eduardo Borrero,Football,2014-11-02 13:26:02
2014-11-02 19:00:00,Spain,Liga BBVA,LEVANTE UD vs UD ALMERIA,2-1 (1-0),Asian handicap,UD ALMERIA +0.25,1.84,,80,-80.00,Lost,Eduardo Borrero,Football,2014-11-02 13:24:02
2014-11-02 17:00:00,Spain,Liga BBVA,VILLARREAL CF vs VALENCIA CF,1-3 (0-1),Asian handicap,VALENCIA CF +0.25,2.16,,80,92.80,Win,Eduardo Borrero,Football,2014-11-02 13:29:02
2014-11-02 12:00:00,Spain,Liga BBVA,ATHLETIC BILBAO vs SEVILLA FC,1-0 (1-0),Asian handicap,SEVILLA FC +0.25,1.79,,80,-80.00,Lost,Eduardo Borrero,Football,2014-11-01 22:25:03
2014-11-01 22:00:00,Spain,Liga BBVA,REAL SOCIEDAD vs MALAGA CF,0-1 (0-0),Asian handicap,REAL SOCIEDAD -0.25,1.93,,80,-80.00,Lost,Eduardo Borrero,Football,2014-10-31 23:59:02
2014-11-01 20:00:00,Spain,Liga BBVA,FC BARCELONA vs CELTA DE VIGO,0-1 (0-0),Over / Under,Over +3.75,1.93,,80,-80.00,Lost,Eduardo Borrero,Football,2014-10-31 23:57:02
2014-11-01 18:00:00,Spain,Liga BBVA,ATLETICO MADRID vs CORDOBA CF,4-2 (1-0),Asian handicap,ATLETICO MADRID -1.75,1.80,,80,32.00,Half win,Eduardo Borrero,Football,2014-10-31 23:51:02
2014-11-01 16:00:00,Spain,Liga BBVA,GRANADA CF vs REAL MADRID,0-4 (0-2),Asian handicap,REAL MADRID -1.75,1.84,,80,67.20,Win,Eduardo Borrero,Football,2014-10-31 23:54:03
2014-10-26 21:00:00,Spain,Liga BBVA,GETAFE CF vs ATLETICO MADRID,0-1 (0-1),Asian handicap,ATLETICO MADRID -0.75,1.74,,80,29.60,Half win,Eduardo Borrero,Football,2014-10-26 14:02:04
2014-10-26 19:00:00,Spain,Liga BBVA,SEVILLA FC vs VILLARREAL CF,2-1 (0-0),Asian handicap,VILLARREAL CF +0.50,1.85,,80,-80.00,Lost,Eduardo Borrero,Football,2014-10-26 14:06:02
2014-10-26 17:00:00,Spain,Liga BBVA,ESPANYOL BARCELONA vs DEPORTIVO LA CORUNA,0-0 (0-0),Asian handicap,DEPORTIVO LA CORUNA +0.75,1.78,,80,62.40,Win,Eduardo Borrero,Football,2014-10-25 23:18:02
2014-10-26 12:00:00,Spain,Liga BBVA,MALAGA CF vs RAYO VALLECANO,4-0 (3-0),Asian handicap,RAYO VALLECANO +0.50,2.01,,80,-80.00,Lost,Eduardo Borrero,Football,2014-10-25 23:20:04
2014-10-25 22:00:00,Spain,Liga BBVA,SD EIBAR vs GRANADA CF,1-1 (1-1),Asian handicap,SD EIBAR -0.25,1.91,,80,-40.00,Half lost,Eduardo Borrero,Football,2014-10-24 22:12:02
2014-10-25 20:00:00,Spain,Liga BBVA,VALENCIA CF vs ELCHE CF,3-1 (2-0),Asian handicap,VALENCIA CF -1.25,2.04,,80,83.20,Win,Eduardo Borrero,Football,2014-10-24 21:08:02
2014-10-25 18:00:00,Spain,Liga BBVA,REAL MADRID vs FC BARCELONA,3-1 (1-1),Match Odds,REAL MADRID,2.44,,60,86.40,Win,Eduardo Borrero,Football,2014-10-24 21:12:05
2014-10-24 21:00:00,Spain,Liga BBVA,CELTA DE VIGO vs LEVANTE UD,3-0 (1-0),Asian handicap,CELTA DE VIGO -1.25,2.05,,80,84.00,Win,Eduardo Borrero,Football,2014-10-23 23:35:03
2014-10-23 19:00:00,European cups,UEFA Europa League,STANDARD LIEGE vs SEVILLA FC,0-0 (0-0),Match Odds,SEVILLA FC,1.79,,80,-80.00,Lost,Eduardo Borrero,Football,2014-10-23 00:30:04
2014-10-22 20:45:00,European cups,UEFA Champions League,LIVERPOOL FC vs REAL MADRID,0-3 (0-3),Asian handicap,REAL MADRID -0.75,2.25,,100,125.00,Win,Eduardo Borrero,Football,2014-10-22 12:33:03
2014-10-19 21:00:00,Spain,Liga BBVA,VILLARREAL CF vs UD ALMERIA,2-0 (1-0),Asian handicap,UD ALMERIA +1.25,1.95,,80,-80.00,Lost,Eduardo Borrero,Football,2014-10-18 22:04:04
2014-10-19 19:00:00,Spain,Liga BBVA,ELCHE CF vs SEVILLA FC,0-2 (0-0),Asian handicap,SEVILLA FC -0.50,2.04,,80,83.20,Win,Eduardo Borrero,Football,2014-10-18 22:02:05
2014-10-19 12:00:00,Spain,Liga BBVA,ATLETICO MADRID vs ESPANYOL BARCELONA,2-0 (1-0),Asian handicap,ATLETICO MADRID -1.50,2.15,,80,92.00,Win,Eduardo Borrero,Football,2014-10-18 22:00:06
2014-10-18 20:00:00,Spain,Liga BBVA,FC BARCELONA vs SD EIBAR,3-0 (0-0),Asian handicap,FC BARCELONA -2.50,1.93,,80,74.40,Win,Eduardo Borrero,Football,2014-10-18 00:25:02
2014-10-18 18:00:00,Spain,Liga BBVA,ATHLETIC BILBAO vs CELTA DE VIGO,1-1 (1-0),Asian handicap,CELTA DE VIGO +0.50,1.98,,80,78.40,Win,Eduardo Borrero,Football,2014-10-17 18:11:02
2014-10-18 16:00:00,Spain,Liga BBVA,LEVANTE UD vs REAL MADRID,0-5 (0-2),Asian handicap,REAL MADRID -2.25,2.10,,80,88.00,Win,Eduardo Borrero,Football,2014-10-17 18:14:02
2014-10-17 21:00:00,Spain,Liga BBVA,GRANADA CF vs RAYO VALLECANO,0-1 (0-0),Asian handicap,RAYO VALLECANO +0.50,1.72,,100,72.00,Win,Eduardo Borrero,Football,2014-10-17 14:22:03
2014-10-09 20:45:00,International,Euro Cup,SLOVAKIA vs SPAIN,2-1 (1-0),Asian handicap,SLOVAKIA +1.25,1.90,,80,72.00,Win,Eduardo Borrero,Football,2014-10-08 22:22:02
2014-10-05 21:00:00,Spain,Liga BBVA,REAL MADRID vs ATHLETIC BILBAO,5-0 (2-0),Asian handicap,REAL MADRID -2.00,1.95,,80,76.00,Win,Eduardo Borrero,Football,2014-10-04 23:44:02
2014-10-05 17:00:00,Spain,Liga BBVA,CELTA DE VIGO vs VILLARREAL CF,1-3 (1-2),Asian handicap,CELTA DE VIGO +0,1.90,,80,-80.00,Lost,Eduardo Borrero,Football,2014-10-04 23:40:03
2014-10-05 12:00:00,Spain,Liga BBVA,SEVILLA FC vs DEPORTIVO LA CORUNA,4-1 (2-1),Asian handicap,SEVILLA FC -1.00,1.66,,100,66.00,Win,Eduardo Borrero,Football,2014-10-04 23:38:02
2014-10-04 22:00:00,Spain,Liga BBVA,MALAGA CF vs GRANADA CF,2-1 (0-1),Over / Under,Under +2.25,1.76,,100,-100.00,Lost,Eduardo Borrero,Football,2014-10-04 12:45:02
2014-10-04 20:45:00,Italy,Serie A,AC MILAN vs AC CHIEVO VERONA,2-0 (0-0),Asian handicap,AC MILAN -1.00,1.74,,80,59.20,Win,Eduardo Borrero,Football,2014-10-04 12:32:02
2014-10-04 18:00:00,Spain,Liga BBVA,RAYO VALLECANO vs FC BARCELONA,0-2 (0-2),Over / Under,Over +3.25,1.79,,80,-80.00,Lost,Eduardo Borrero,Football,2014-10-04 12:37:02
2014-10-03 21:00:00,Spain,Liga BBVA,GETAFE CF vs CORDOBA CF,1-1 (0-0),Match Odds,GETAFE CF,2.10,,80,-80.00,Lost,Eduardo Borrero,Football,2014-10-02 22:18:03
2014-10-02 19:00:00,European cups,UEFA Europa League,HNK RIJEKA vs SEVILLA FC,2-2 (0-1),Match Odds,SEVILLA FC,1.95,,80,-80.00,Lost,Eduardo Borrero,Football,2014-10-01 22:39:02
2014-09-27 20:00:00,Spain,Liga BBVA,ATLETICO MADRID vs SEVILLA FC,4-0 (2-0),Asian handicap,SEVILLA FC +0.50,2.21,,80,-80.00,Lost,Eduardo Borrero,Football,2014-09-26 21:48:03
2014-09-27 16:00:00,Spain,Liga BBVA,VILLARREAL CF vs REAL MADRID,0-2 (0-2),Asian handicap,REAL MADRID -0.75,1.98,,80,78.40,Win,Eduardo Borrero,Football,2014-09-26 21:44:02
2014-09-25 20:00:00,Spain,Liga BBVA,ESPANYOL BARCELONA vs GETAFE CF,2-0 (0-0),Asian handicap,ESPANYOL BARCELONA -0.75,1.97,,80,77.60,Win,Eduardo Borrero,Football,2014-09-25 03:49:02
2014-09-24 22:00:00,Spain,Liga BBVA,SEVILLA FC vs REAL SOCIEDAD,1-0 (1-0),Match Odds,SEVILLA FC,1.81,,80,64.80,Win,Eduardo Borrero,Football,2014-09-24 05:45:03
2014-09-24 20:00:00,Spain,Liga BBVA,SD EIBAR vs VILLARREAL CF,1-1 (1-0),Asian handicap,SD EIBAR +0.25,1.93,,80,37.20,Half win,Eduardo Borrero,Football,2014-09-24 05:48:02
2014-09-24 20:00:00,Spain,Liga BBVA,RAYO VALLECANO vs ATHLETIC BILBAO,2-1 (1-1),Over / Under,Over +2.50,1.92,,80,73.60,Win,Eduardo Borrero,Football,2014-09-24 05:43:02
2014-09-23 22:00:00,Spain,Liga BBVA,CELTA DE VIGO vs DEPORTIVO LA CORUNA,2-1 (1-0),Over / Under,Over +2.75,2.17,,80,46.80,Half win,Eduardo Borrero,Football,2014-09-23 06:20:03
2014-09-22 20:45:00,Spain,Liga BBVA,GETAFE CF vs VALENCIA CF,0-3 (0-2),Match Odds,VALENCIA CF,2.05,,80,84.00,Win,Eduardo Borrero,Football,2014-09-22 17:35:03
2014-09-21 19:00:00,Spain,Liga BBVA,CORDOBA CF vs SEVILLA FC,1-3 (0-1),Asian handicap,SEVILLA FC -0.50,1.98,,80,78.40,Win,Eduardo Borrero,Football,2014-09-21 04:44:03
2014-09-21 17:00:00,Spain,Liga BBVA,VILLARREAL CF vs RAYO VALLECANO,4-2 (1-2),Over / Under,Over +2.50,1.81,,80,64.80,Win,Eduardo Borrero,Football,2014-09-21 04:47:02
2014-09-20 22:00:00,Spain,Liga BBVA,ESPANYOL BARCELONA vs MALAGA CF,2-2 (1-0),Match Odds,ESPANYOL BARCELONA,2.22,,60,-60.00,Lost,Eduardo Borrero,Football,2014-09-20 04:43:02
2014-09-20 18:00:00,Spain,Liga BBVA,ATHLETIC BILBAO vs GRANADA CF,0-1 (0-1),Asian handicap,ATHLETIC BILBAO -1.00,1.82,,80,-80.00,Lost,Eduardo Borrero,Football,2014-09-20 04:40:05
2014-09-20 16:00:00,Spain,Liga BBVA,DEPORTIVO LA CORUNA vs REAL MADRID,2-8 (0-3),Over / Under,Over +3.25,2.04,,80,83.20,Win,Eduardo Borrero,Football,2014-09-20 04:46:03
2014-09-19 21:00:00,Spain,Liga BBVA,ELCHE CF vs SD EIBAR,0-2 (0-2),Asian handicap,SD EIBAR +0.25,2.03,,80,82.40,Win,Eduardo Borrero,Football,2014-09-19 04:13:02
2014-09-18 21:05:00,European cups,UEFA Europa League,SEVILLA FC vs FEYENOORD ROTTERDAM,2-0 (2-0),Asian handicap,SEVILLA FC -1.00,1.66,,100,66.00,Win,Eduardo Borrero,Football,2014-09-18 16:48:02
2014-09-16 20:45:00,European cups,UEFA Champions League,OLYMPIACOS FC vs ATLETICO MADRID,3-2 (2-1),Match Odds,ATLETICO MADRID,2.04,,80,-80.00,Lost,Eduardo Borrero,Football,2014-09-16 05:55:03
2014-09-14 21:00:00,Spain,Liga BBVA,GRANADA CF vs VILLARREAL CF,0-0 (0-0),Match Odds,VILLARREAL CF,2.24,,60,-60.00,Lost,Eduardo Borrero,Football,2014-09-14 04:21:02
2014-09-14 17:00:00,Spain,Liga BBVA,VALENCIA CF vs ESPANYOL BARCELONA,3-1 (1-0),Asian handicap,VALENCIA CF -0.75,1.86,,80,68.80,Win,Eduardo Borrero,Football,2014-09-14 04:23:02
2014-09-14 12:00:00,Spain,Liga BBVA,RAYO VALLECANO vs ELCHE CF,2-3 (1-1),Asian handicap,RAYO VALLECANO -0.75,1.98,,80,-80.00,Lost,Eduardo Borrero,Football,2014-09-14 04:17:02
2014-09-13 22:00:00,Spain,Liga BBVA,CELTA DE VIGO vs REAL SOCIEDAD,2-2 (1-0),Asian handicap,REAL SOCIEDAD +0.25,2.00,,60,30.00,Half win,Eduardo Borrero,Football,2014-09-13 06:50:04
2014-09-13 20:00:00,Spain,Liga BBVA,REAL MADRID vs ATLETICO MADRID,1-2 (1-1),Over / Under,Under +2.50,1.93,,80,-80.00,Lost,Eduardo Borrero,Football,2014-09-13 06:48:02
2014-09-12 21:00:00,Spain,Liga BBVA,UD ALMERIA vs CORDOBA CF,1-1 (1-1),Match Odds,UD ALMERIA,2.10,,80,-80.00,Lost,Eduardo Borrero,Football,2014-09-12 03:58:02
